{0} |  {1} |  {2} |  {3} |  {4} |  {5} |  {6} |  {7} |  {8} |  {9}
email01@test.com 
email02@test.com | colVal1 | colVal2 | colVal3 | colVal4 | colVal5 | colVal5 | colVal6 | colVal7 | colVal8 | colVal9
email03@test.com | colVal1 | colVal2 | colVal3 | colVal4 | colVal5 | colVal5 | colVal6 | colVal7 | colVal8 | colVal9
email04@test.com | colVal1 | colVal2 | colVal3 | colVal4 | colVal5 | colVal5 | colVal6 | colVal7 | colVal8 | colVal9
email05@test.com | colVal1 | colVal2 | colVal3 | colVal4 | colVal5 | colVal5 | colVal6 | colVal7 | colVal8 | colVal9
email01@test.com |  colVal1 | colVal2 | colVal3 | colVal4 | colVal5 | colVal5 | colVal6 | colVal7 | colVal8 | colVal9
email02@test.com | colVal1 | colVal2 | colVal3 | colVal4 | colVal5 | colVal5 | colVal6 | colVal7 | colVal8 | colVal9
email03@test.com 
email04@test.com | colVal1 | colVal2 | colVal3 | colVal4 | colVal5 | colVal5 | colVal6 | colVal7 | colVal8 | colVal9
email05@test.com | colVal1 | colVal2 | colVal3 | colVal4 | colVal5 | colVal5 | colVal6 | colVal7 | colVal8 | colVal9
email01@test.com |  colVal1 | colVal2 | colVal3 | colVal4 | colVal5 | colVal5 | colVal6 | colVal7 | colVal8 | colVal9
email02@test.com | colVal1 | colVal2 | colVal3 | colVal4 | colVal5 | colVal5 | colVal6 | colVal7 | colVal8 | colVal9
email03@test.com | colVal1 | colVal2 | colVal3 | colVal4 | colVal5 | colVal5 | colVal6 | colVal7 | colVal8 | colVal9
email04@test.com | colVal1 | colVal2 | colVal3 | colVal4 | colVal5 | colVal5 | colVal6 | colVal7 | colVal8 | colVal9
email05@test.com | colVal1 | colVal2 | colVal3 | colVal4 | colVal5 | colVal5 | colVal6 | colVal7 | colVal8 | colVal9

email01@test.com |  colVal1 | colVal2 | colVal3 | colVal4 | colVal5 | colVal5 | colVal6 | colVal7 | colVal8 | colVal9
email02@test.com | colVal1 | colVal2 | colVal3 | colVal4 | colVal5 | colVal5 | colVal6 | colVal7 | colVal8 | colVal9
email03@test.com | colVal1 | colVal2 | colVal3 | colVal4 | colVal5 | colVal5 | colVal6 | colVal7 | colVal8 | colVal9
email04@test.com | colVal1 | colVal2 | colVal3 | colVal4 | colVal5 | colVal5 | colVal6 | colVal7 | colVal8 | colVal9
email05@test.com | colVal1 | colVal2 | colVal3 | colVal4 | colVal5 | colVal5 | colVal6 | colVal7 | colVal8 | colVal9